lat,lon,activity,year,status,acres,nepa_project,district,detail
40.2378,-120.7526,Invasives - Pesticide Application,2020,completed,0.8,(PALS)MOONLIGHT FIRE INVASIVE PLANT TREATMENT PROJECT,02,full
39.9612,-121.2774,Invasives - Pesticide Application,2020,completed,,,,basic
40.0686,-121.1787,Invasives - Pesticide Application,2020,completed,2.9,(PALS)STORRIE AND RICH FIRE AREAS INVASIVE PLANT TREATMENT PROJECT,02,full
39.8198,-120.3885,Invasives - Pesticide Application,2020,completed,,,,basic
40.278,-120.6124,Invasives - Pesticide Application,2020,completed,24.0,(PALS)MOONLIGHT FIRE INVASIVE PLANT TREATMENT PROJECT,02,full
40.1218,-120.6825,Invasives - Pesticide Application,2020,completed,,,,basic
40.2284,-120.64,Invasives - Pesticide Application,2020,completed,,,,basic
40.2536,-120.6703,Invasives - Pesticide Application,2020,completed,94.0,(PALS)MOONLIGHT FIRE INVASIVE PLANT TREATMENT PROJECT,02,full
40.124,-120.643,Invasives - Pesticide Application,2020,completed,26.6,(PALS)MOONLIGHT FIRE INVASIVE PLANT TREATMENT PROJECT,02,full
40.0102,-120.9916,Invasives - Pesticide Application,2020,completed,,,,basic
39.9369,-121.3201,Invasives - Pesticide Application,2020,completed,,,,basic
39.9393,-121.3134,Invasives - Pesticide Application,2020,completed,,,,basic
40.2419,-120.5791,Invasives - Pesticide Application,2020,completed,1.1,(PALS)WILDCAT FUELS REDUCTION AND VEGETATION MANAGEMENT PROJECT (WILDCAT PROJECT,02,full
39.8487,-121.3929,Invasives - Pesticide Application,2020,completed,,,,basic
39.8156,-120.385,Invasives - Pesticide Application,2020,completed,,,,basic
39.8149,-120.382,Invasives - Pesticide Application,2020,completed,2.4,(PALS)BECKWOURTH RANGER DISTRICT TALL WHITETOP PROJECT,01,full
39.8189,-120.4028,Invasives - Pesticide Application,2020,completed,1.8,(PALS)BECKWOURTH RANGER DISTRICT TALL WHITETOP PROJECT,01,full
39.8157,-120.383,Invasives - Pesticide Application,2020,completed,1.9,(PALS)BECKWOURTH RANGER DISTRICT TALL WHITETOP PROJECT,01,full
39.8186,-120.3848,Invasives - Pesticide Application,2020,completed,,,,basic
39.8149,-120.3835,Invasives - Pesticide Application,2020,completed,,,,basic
39.815,-120.4179,Invasives - Pesticide Application,2020,completed,,,,basic
39.8155,-120.4177,Invasives - Pesticide Application,2020,completed,,,,basic
39.8184,-120.4035,Invasives - Pesticide Application,2020,completed,17.3,(PALS)BECKWOURTH RANGER DISTRICT TALL WHITETOP PROJECT,01,full
40.1482,-120.6485,Invasives - Pesticide Application,2020,completed,0.1,(PALS)MOONLIGHT FIRE INVASIVE PLANT TREATMENT PROJECT,02,full
39.8175,-120.3829,Invasives - Pesticide Application,2020,completed,,,,basic
40.1865,-120.7047,Invasives - Pesticide Application,2020,completed,7.8,(PALS)MOONLIGHT FIRE INVASIVE PLANT TREATMENT PROJECT,02,full
39.8188,-120.3906,Invasives - Pesticide Application,2020,completed,1.2,(PALS)BECKWOURTH RANGER DISTRICT TALL WHITETOP PROJECT,01,full
39.818,-120.3873,Invasives - Pesticide Application,2020,completed,,,,basic
39.815,-120.4245,Invasives - Pesticide Application,2020,completed,,,,basic
39.8178,-120.3938,Invasives - Pesticide Application,2020,completed,,,,basic
40.1695,-120.6541,Invasives - Pesticide Application,2020,completed,0.1,(PALS)MOONLIGHT FIRE INVASIVE PLANT TREATMENT PROJECT,02,full
39.9601,-121.2786,Invasives - Pesticide Application,2020,completed,0.1,DEFAULT FOR NOT REQUIRED,02,full
40.0316,-121.0678,Right of Way Maintenance,2020,completed,3.8,(PALS)PG&E HERBICIDE VEGETATION MANAGEMENT PROGRAM,02,full
39.9918,-121.2794,Right of Way Maintenance,2020,completed,10.9,(PALS)PG&E HERBICIDE VEGETATION MANAGEMENT PROGRAM,02,full
39.9273,-121.3342,Right of Way Maintenance,2020,completed,7.0,(PALS)PG&E HERBICIDE VEGETATION MANAGEMENT PROGRAM,02,full
40.0068,-121.2574,Right of Way Maintenance,2020,completed,11.5,(PALS)PG&E HERBICIDE VEGETATION MANAGEMENT PROGRAM,02,full
40.0056,-121.2669,Right of Way Maintenance,2020,completed,,,,basic
40.0496,-121.0927,Right of Way Maintenance,2020,completed,,,,basic
39.8147,-121.4549,Right of Way Maintenance,2020,completed,5.2,(PALS)PG&E HERBICIDE VEGETATION MANAGEMENT PROGRAM,03,full
39.9546,-121.2994,Right of Way Maintenance,2020,completed,8.5,(PALS)PG&E HERBICIDE VEGETATION MANAGEMENT PROGRAM,02,full
40.0678,-121.1165,Right of Way Maintenance,2020,completed,,,,basic
39.8195,-121.4507,Right of Way Maintenance,2020,completed,,,,basic
39.9213,-121.3411,Right of Way Maintenance,2020,completed,,,,basic
39.9656,-121.2818,Right of Way Maintenance,2020,completed,,,,basic
40.0794,-121.1298,Right of Way Maintenance,2020,completed,10.9,(PALS)PG&E HERBICIDE VEGETATION MANAGEMENT PROGRAM,02,full
39.8831,-121.3732,Right of Way Maintenance,2020,completed,,,,basic
39.9169,-121.3453,Right of Way Maintenance,2020,completed,,,,basic
40.2509,-120.6447,Tree Release and Weed,2020,completed,,,,basic
40.1999,-120.613,Invasives - Pesticide Application,2021,completed,7.6,(PALS)MOONLIGHT FIRE INVASIVE PLANT TREATMENT PROJECT,02,full
40.0045,-121.2605,Invasives - Pesticide Application,2021,completed,,,,basic
39.9928,-120.859,Invasives - Pesticide Application,2021,completed,,,,basic
40.2785,-120.6413,Invasives - Pesticide Application,2021,completed,0.9,(PALS)MOONLIGHT FIRE INVASIVE PLANT TREATMENT PROJECT,02,full
40.1552,-120.6329,Invasives - Pesticide Application,2021,completed,0.3,(PALS)MOONLIGHT FIRE INVASIVE PLANT TREATMENT PROJECT,02,full
39.9997,-121.2702,Invasives - Pesticide Application,2021,completed,2.3,DEFAULT FOR NOT REQUIRED,02,full
39.9601,-121.2804,Invasives - Pesticide Application,2021,completed,29.5,DEFAULT FOR NOT REQUIRED,02,full
39.9903,-120.8627,Invasives - Pesticide Application,2021,completed,,,,basic
40.1536,-120.647,Invasives - Pesticide Application,2021,completed,,,,basic
40.2332,-120.6516,Invasives - Pesticide Application,2021,completed,,,,basic
39.9899,-120.8622,Invasives - Pesticide Application,2021,completed,0.1,(PALS)MT. HOUGH - SOUTH PARK PROPOSED TRAIL SYSTEM PROJECT,02,full
39.9945,-120.8386,Invasives - Pesticide Application,2021,completed,,,,basic
40.3022,-120.7532,Invasives - Pesticide Application,2021,completed,,,,basic
39.9905,-120.8419,Invasives - Pesticide Application,2021,completed,,,,basic
40.2924,-120.7843,Invasives - Pesticide Application,2021,completed,,,,basic
40.316,-120.7597,Invasives - Pesticide Application,2021,completed,,,,basic
40.1986,-120.6123,Invasives - Pesticide Application,2021,completed,,,,basic
40.0256,-120.8619,Invasives - Pesticide Application,2021,completed,,,,basic
40.2316,-120.6585,Invasives - Pesticide Application,2021,completed,,,,basic
40.0972,-120.6491,Invasives - Pesticide Application,2021,completed,,,,basic
40.1508,-120.6354,Invasives - Pesticide Application,2021,completed,,,,basic
40.3046,-120.7516,Invasives - Pesticide Application,2021,completed,,,,basic
40.3043,-120.7521,Invasives - Pesticide Application,2021,completed,,,,basic
39.9898,-120.8623,Invasives - Pesticide Application,2021,completed,0.1,(PALS)MT. HOUGH - SOUTH PARK PROPOSED TRAIL SYSTEM PROJECT,02,full
40.3042,-120.7524,Invasives - Pesticide Application,2021,completed,,,,basic
40.3025,-120.7533,Invasives - Pesticide Application,2021,completed,,,,basic
40.304,-120.7528,Invasives - Pesticide Application,2021,completed,,,,basic
40.1215,-120.7828,Invasives - Pesticide Application,2021,completed,2.3,(PALS)MT. HOUGH - SOUTH PARK PROPOSED TRAIL SYSTEM PROJECT,02,full
39.9588,-121.2832,Invasives - Pesticide Application,2021,completed,,,,basic
40.2308,-120.64,Invasives - Pesticide Application,2021,completed,,,,basic
40.3022,-120.7349,Invasives - Pesticide Application,2021,completed,,,,basic
40.2716,-120.6364,Invasives - Pesticide Application,2021,completed,,,,basic
40.1581,-120.6484,Invasives - Pesticide Application,2021,completed,,,,basic
40.277,-120.7968,Invasives - Pesticide Application,2021,completed,,,,basic
40.1486,-120.6493,Invasives - Pesticide Application,2021,completed,,,,basic
40.2429,-120.6574,Invasives - Pesticide Application,2021,completed,20.0,(PALS)MOONLIGHT FIRE INVASIVE PLANT TREATMENT PROJECT,02,full
40.1647,-120.616,Invasives - Pesticide Application,2021,completed,,,,basic
40.0941,-120.644,Invasives - Pesticide Application,2021,completed,,,,basic
40.3,-120.7566,Invasives - Pesticide Application,2021,completed,,,,basic
40.2168,-120.6394,Invasives - Pesticide Application,2021,completed,,,,basic
40.2391,-120.7459,Invasives - Pesticide Application,2021,completed,,,,basic
40.2221,-120.6473,Invasives - Pesticide Application,2021,completed,,,,basic
40.2193,-120.6502,Invasives - Pesticide Application,2021,completed,,,,basic
40.2176,-120.6491,Invasives - Pesticide Application,2021,completed,,,,basic
40.0887,-121.147,Invasives - Pesticide Application,2021,completed,,,,basic
40.1583,-120.6131,Invasives - Pesticide Application,2021,completed,0.2,(PALS)MOONLIGHT FIRE INVASIVE PLANT TREATMENT PROJECT,02,full
40.0712,-121.1668,Invasives - Pesticide Application,2021,completed,,,,basic
40.2419,-120.5791,Invasives - Pesticide Application,2021,completed,,,,basic
40.3033,-120.7593,Invasives - Pesticide Application,2021,completed,0.1,(PALS)MOONLIGHT FIRE INVASIVE PLANT TREATMENT PROJECT,02,full
40.2726,-120.6511,Invasives - Pesticide Application,2021,completed,,,,basic
40.16,-120.6105,Invasives - Pesticide Application,2021,completed,,,,basic
40.2179,-120.6488,Invasives - Pesticide Application,2021,completed,0.1,(PALS)MOONLIGHT FIRE INVASIVE PLANT TREATMENT PROJECT,02,full
40.0368,-121.2188,Invasives - Pesticide Application,2021,completed,,,,basic
40.2533,-120.6048,Invasives - Pesticide Application,2021,completed,0.1,(PALS)MOONLIGHT FIRE INVASIVE PLANT TREATMENT PROJECT,02,full
40.261,-120.7866,Invasives - Pesticide Application,2021,completed,,,,basic
40.1499,-120.649,Invasives - Pesticide Application,2021,completed,,,,basic
40.166,-120.6042,Invasives - Pesticide Application,2021,completed,,,,basic
40.223,-120.6579,Invasives - Pesticide Application,2021,completed,0.4,(PALS)MOONLIGHT FIRE INVASIVE PLANT TREATMENT PROJECT,02,full
40.2387,-120.5787,Invasives - Pesticide Application,2021,completed,0.1,(PALS)WILDCAT FUELS REDUCTION AND VEGETATION MANAGEMENT PROJECT (WILDCAT PROJECT,02,full
40.2069,-120.8168,Invasives - Pesticide Application,2021,completed,0.1,(PALS)MOONLIGHT FIRE INVASIVE PLANT TREATMENT PROJECT,02,full
40.1553,-120.6477,Invasives - Pesticide Application,2021,completed,,,,basic
40.1126,-120.6426,Invasives - Pesticide Application,2021,completed,,,,basic
40.1112,-120.71,Invasives - Pesticide Application,2021,completed,,,,basic
40.2377,-120.8286,Invasives - Pesticide Application,2021,completed,,,,basic
40.124,-120.643,Invasives - Pesticide Application,2021,completed,7.5,(PALS)MOONLIGHT FIRE INVASIVE PLANT TREATMENT PROJECT,02,full
40.1653,-120.6173,Invasives - Pesticide Application,2021,completed,,,,basic
40.2378,-120.8247,Invasives - Pesticide Application,2021,completed,,,,basic
40.2732,-120.6357,Invasives - Pesticide Application,2021,completed,0.5,(PALS)MOONLIGHT FIRE INVASIVE PLANT TREATMENT PROJECT,02,full
40.1113,-120.7173,Invasives - Pesticide Application,2021,completed,0.2,(PALS)MOONLIGHT FIRE INVASIVE PLANT TREATMENT PROJECT,02,full
40.1642,-120.5998,Invasives - Pesticide Application,2021,completed,,,,basic
40.1455,-120.6329,Invasives - Pesticide Application,2021,completed,0.2,(PALS)MOONLIGHT FIRE INVASIVE PLANT TREATMENT PROJECT,02,full
40.1564,-120.6483,Invasives - Pesticide Application,2021,completed,,,,basic
39.8165,-120.384,Invasives - Pesticide Application,2021,completed,16.2,(PALS)BECKWOURTH RANGER DISTRICT TALL WHITETOP PROJECT,01,full
40.3109,-120.7519,Invasives - Pesticide Application,2021,completed,0.1,(PALS)MOONLIGHT FIRE INVASIVE PLANT TREATMENT PROJECT,02,full
40.3035,-120.7347,Invasives - Pesticide Application,2021,completed,,,,basic
40.1119,-120.7093,Invasives - Pesticide Application,2021,completed,,,,basic
40.3159,-120.7459,Invasives - Pesticide Application,2021,completed,,,,basic
39.9912,-120.8411,Invasives - Pesticide Application,2021,completed,0.1,(PALS)MT. HOUGH - SOUTH PARK PROPOSED TRAIL SYSTEM PROJECT,02,full
39.9907,-120.841,Invasives - Pesticide Application,2021,completed,0.1,(PALS)MT. HOUGH - SOUTH PARK PROPOSED TRAIL SYSTEM PROJECT,02,full
39.9906,-120.8422,Invasives - Pesticide Application,2021,completed,,,,basic
40.1482,-120.6485,Invasives - Pesticide Application,2021,completed,,,,basic
40.2272,-120.6489,Invasives - Pesticide Application,2021,completed,3.3,(PALS)MOONLIGHT FIRE INVASIVE PLANT TREATMENT PROJECT,02,full
40.1651,-120.6034,Invasives - Pesticide Application,2021,completed,,,,basic
39.9992,-121.2705,Invasives - Pesticide Application,2021,completed,,,,basic
40.1266,-120.6574,Invasives - Pesticide Application,2021,completed,0.1,(PALS)MOONLIGHT FIRE INVASIVE PLANT TREATMENT PROJECT,02,full
39.9549,-121.2945,Invasives - Pesticide Application,2021,completed,,,,basic
40.2465,-120.7507,Invasives - Pesticide Application,2021,completed,,,,basic
40.1833,-120.7044,Invasives - Pesticide Application,2021,completed,7.7,(PALS)MOONLIGHT FIRE INVASIVE PLANT TREATMENT PROJECT,02,full
40.1582,-120.6056,Invasives - Pesticide Application,2021,completed,0.1,(PALS)MOONLIGHT FIRE INVASIVE PLANT TREATMENT PROJECT,02,full
40.1218,-120.6824,Invasives - Pesticide Application,2021,completed,,,,basic
40.2134,-120.6389,Invasives - Pesticide Application,2021,completed,,,,basic
40.1233,-120.6631,Invasives - Pesticide Application,2021,completed,,,,basic
40.093,-120.641,Invasives - Pesticide Application,2021,completed,,,,basic
40.2584,-120.6578,Invasives - Pesticide Application,2021,completed,,,,basic
40.1481,-120.6504,Invasives - Pesticide Application,2021,completed,,,,basic
39.9908,-120.8423,Invasives - Pesticide Application,2021,completed,,,,basic
40.3036,-120.7338,Invasives - Pesticide Application,2021,completed,,,,basic
40.1225,-120.663,Invasives - Pesticide Application,2021,completed,,,,basic
40.015,-120.8144,Invasives - Pesticide Application,2021,completed,,,,basic
40.1605,-120.6177,Invasives - Pesticide Application,2021,completed,0.4,(PALS)MOONLIGHT FIRE INVASIVE PLANT TREATMENT PROJECT,02,full
40.1564,-120.6324,Invasives - Pesticide Application,2021,completed,,,,basic
40.218,-120.6545,Invasives - Pesticide Application,2021,completed,,,,basic
40.3062,-120.7531,Invasives - Pesticide Application,2021,completed,,,,basic
40.1316,-120.6608,Invasives - Pesticide Application,2021,completed,,,,basic
40.1593,-120.6157,Invasives - Pesticide Application,2021,completed,,,,basic
40.2832,-120.6514,Invasives - Pesticide Application,2021,completed,,,,basic
40.2346,-120.7583,Invasives - Pesticide Application,2021,completed,0.2,(PALS)MOONLIGHT FIRE INVASIVE PLANT TREATMENT PROJECT,02,full
39.9916,-120.8412,Invasives - Pesticide Application,2021,completed,0.1,(PALS)MT. HOUGH - SOUTH PARK PROPOSED TRAIL SYSTEM PROJECT,02,full
40.2108,-120.6404,Invasives - Pesticide Application,2021,completed,0.3,(PALS)MOONLIGHT FIRE INVASIVE PLANT TREATMENT PROJECT,02,full
40.2891,-120.7612,Invasives - Pesticide Application,2021,completed,0.2,(PALS)MOONLIGHT FIRE INVASIVE PLANT TREATMENT PROJECT,02,full
40.2868,-120.7623,Invasives - Pesticide Application,2021,completed,0.2,(PALS)MOONLIGHT FIRE INVASIVE PLANT TREATMENT PROJECT,02,full
40.0109,-120.8407,Invasives - Pesticide Application,2021,completed,0.1,(PALS)MT. HOUGH - SOUTH PARK PROPOSED TRAIL SYSTEM PROJECT,02,full
40.2793,-120.5911,Invasives - Pesticide Application,2021,completed,0.1,(PALS)MOONLIGHT FIRE INVASIVE PLANT TREATMENT PROJECT,02,full
40.2729,-120.6079,Invasives - Pesticide Application,2021,completed,0.2,(PALS)MOONLIGHT FIRE INVASIVE PLANT TREATMENT PROJECT,02,full
40.2267,-120.66,Invasives - Pesticide Application,2021,completed,0.3,(PALS)MOONLIGHT FIRE INVASIVE PLANT TREATMENT PROJECT,02,full
40.0883,-121.1468,Right of Way Maintenance,2021,completed,,,,basic
40.1351,-121.1222,Right of Way Maintenance,2021,completed,,,,basic
40.204,-120.654,Tree Release and Weed,2021,completed,,,,basic
40.2353,-120.6591,Tree Release and Weed,2021,completed,,,,basic
40.2087,-120.6526,Tree Release and Weed,2021,completed,28.2,(PALS)DECISION NOTICE FOR THE MOONLIGHT FIRE AREA RESTORATION PROJECT,02,full
40.2298,-120.6585,Tree Release and Weed,2021,completed,,,,basic
40.2078,-120.644,Tree Release and Weed,2021,completed,294.9,(PALS)DECISION NOTICE FOR THE MOONLIGHT FIRE AREA RESTORATION PROJECT,02,full
40.1749,-120.6605,Tree Release and Weed,2021,completed,123.7,(PALS)DECISION NOTICE FOR THE MOONLIGHT FIRE AREA RESTORATION PROJECT,02,full
40.1982,-120.643,Tree Release and Weed,2021,completed,117.0,(PALS)DECISION NOTICE FOR THE MOONLIGHT FIRE AREA RESTORATION PROJECT,02,full
40.219,-120.6585,Tree Release and Weed,2021,completed,,,,basic
40.186,-120.6599,Tree Release and Weed,2021,completed,,,,basic
40.1239,-120.643,Invasives - Pesticide Application,2022,completed,,,,basic
39.9579,-121.2871,Invasives - Pesticide Application,2022,completed,,,,basic
39.8479,-121.394,Invasives - Pesticide Application,2022,completed,,,,basic
40.0394,-121.2186,Invasives - Pesticide Application,2022,completed,,,,basic
39.8425,-121.3954,Invasives - Pesticide Application,2022,completed,,,,basic
40.277,-120.7968,Invasives - Pesticide Application,2022,completed,,,,basic
39.9398,-121.3136,Invasives - Pesticide Application,2022,completed,0.8,(PALS)STORRIE AND RICH FIRE AREAS INVASIVE PLANT TREATMENT PROJECT,02,full
40.0368,-121.2188,Invasives - Pesticide Application,2022,completed,1.4,(PALS)STORRIE AND RICH FIRE AREAS INVASIVE PLANT TREATMENT PROJECT,02,full
40.1093,-120.8523,Invasives - Pesticide Application,2022,completed,1.4,(PALS)MOONLIGHT FIRE INVASIVE PLANT TREATMENT PROJECT,02,full
39.6595,-121.3353,Site Preparation for Planting - Chemical,2022,planned,25.2,(PALS)BERRY BRUSH WUI HAZARDOUS FUELS REDUCTION PROJECT,03,full
39.812,-121.3603,Site Preparation for Planting - Chemical,2022,planned,8.0,(PALS)BIG BAR HAZARDOUS FUELS REDUCTION PROJECT 56140,03,full
39.8131,-121.3594,Site Preparation for Planting - Chemical,2022,planned,23.4,(PALS)BIG BAR HAZARDOUS FUELS REDUCTION PROJECT 56140,03,full
40.2734,-120.6626,Tree Release and Weed,2022,completed,163.4,(PALS)DECISION NOTICE FOR THE MOONLIGHT FIRE AREA RESTORATION PROJECT,02,full
40.2292,-120.7819,Tree Release and Weed,2022,completed,,,,basic
40.1915,-120.8225,Tree Release and Weed,2022,completed,,,,basic
40.2255,-120.8219,Tree Release and Weed,2022,completed,,,,basic
40.2362,-120.7911,Tree Release and Weed,2022,completed,,,,basic
40.2521,-120.649,Tree Release and Weed,2022,completed,,,,basic
40.2509,-120.6447,Tree Release and Weed,2022,completed,67.8,(PALS)DECISION NOTICE FOR THE MOONLIGHT FIRE AREA RESTORATION PROJECT,02,full
40.2315,-120.805,Tree Release and Weed,2022,completed,,,,basic
40.2461,-120.7733,Tree Release and Weed,2022,completed,29.3,(PALS)DECISION NOTICE FOR THE MOONLIGHT FIRE AREA RESTORATION PROJECT,02,full
40.1742,-120.6796,Tree Release and Weed,2022,completed,,,,basic
40.2359,-120.7819,Tree Release and Weed,2022,completed,72.0,(PALS)DECISION NOTICE FOR THE MOONLIGHT FIRE AREA RESTORATION PROJECT,02,full
40.1455,-120.6329,Invasives - Pesticide Application,2023,completed,,,,basic
40.1193,-120.6556,Invasives - Pesticide Application,2023,completed,,,,basic
40.1225,-120.6631,Invasives - Pesticide Application,2023,completed,,,,basic
39.6028,-121.266,Invasives - Pesticide Application,2023,completed,,,,basic
40.316,-120.7597,Invasives - Pesticide Application,2023,completed,0.9,(PALS)MOONLIGHT FIRE INVASIVE PLANT TREATMENT PROJECT,02,full
40.1951,-120.5947,Invasives - Pesticide Application,2023,completed,,,,basic
40.1508,-120.6354,Invasives - Pesticide Application,2023,completed,0.1,(PALS)MOONLIGHT FIRE INVASIVE PLANT TREATMENT PROJECT,02,full
40.0493,-120.69,Invasives - Pesticide Application,2023,completed,,,,basic
40.1463,-120.6991,Invasives - Pesticide Application,2023,completed,,,,basic
40.3022,-120.7349,Invasives - Pesticide Application,2023,completed,,,,basic
39.8479,-121.394,Invasives - Pesticide Application,2023,completed,5.9,(PALS)STORRIE AND RICH FIRE AREAS INVASIVE PLANT TREATMENT PROJECT,02,full
39.9365,-121.3201,Invasives - Pesticide Application,2023,completed,3.5,(PALS)STORRIE AND RICH FIRE AREAS INVASIVE PLANT TREATMENT PROJECT,02,full
40.0886,-121.1472,Invasives - Pesticide Application,2023,completed,,,,basic
39.9601,-121.2788,Invasives - Pesticide Application,2023,completed,,,,basic
40.3036,-120.7339,Invasives - Pesticide Application,2023,completed,,,,basic
40.3109,-120.7519,Invasives - Pesticide Application,2023,completed,,,,basic
39.996,-120.8717,Invasives - Pesticide Application,2023,completed,,,,basic
40.3159,-120.7459,Invasives - Pesticide Application,2023,completed,0.4,(PALS)MOONLIGHT FIRE INVASIVE PLANT TREATMENT PROJECT,02,full
40.103,-120.6998,Invasives - Pesticide Application,2023,completed,,,,basic
39.9609,-121.278,Invasives - Pesticide Application,2023,completed,,,,basic
40.1963,-120.5941,Invasives - Pesticide Application,2023,completed,,,,basic
40.1549,-120.6718,Invasives - Pesticide Application,2023,completed,,,,basic
40.1484,-120.6927,Invasives - Pesticide Application,2023,completed,0.2,(PALS)MOONLIGHT FIRE INVASIVE PLANT TREATMENT PROJECT,02,full
40.1749,-120.6605,Tree Release and Weed,2023,completed,123.7,(PALS)DECISION NOTICE FOR THE MOONLIGHT FIRE AREA RESTORATION PROJECT,02,full
40.2078,-120.644,Tree Release and Weed,2023,completed,,,,basic
40.2087,-120.6526,Tree Release and Weed,2023,completed,,,,basic
40.219,-120.6585,Tree Release and Weed,2023,completed,,,,basic
40.204,-120.654,Tree Release and Weed,2023,completed,,,,basic
40.2461,-120.7733,Tree Release and Weed,2023,completed,29.3,(PALS)DECISION NOTICE FOR THE MOONLIGHT FIRE AREA RESTORATION PROJECT,02,full
40.2353,-120.6591,Tree Release and Weed,2023,completed,,,,basic
40.162,-120.6672,Tree Release and Weed,2023,completed,,,,basic
40.186,-120.6599,Tree Release and Weed,2023,completed,75.8,(PALS)DECISION NOTICE FOR THE MOONLIGHT FIRE AREA RESTORATION PROJECT,02,full
40.1982,-120.643,Tree Release and Weed,2023,completed,,,,basic
40.2074,-120.7045,Tree Release and Weed,2023,completed,,,,basic
40.2298,-120.6585,Tree Release and Weed,2023,planned,41.4,(PALS)DECISION NOTICE FOR THE MOONLIGHT FIRE AREA RESTORATION PROJECT,02,full
39.9019,-121.228,Invasives - Pesticide Application,2024,completed,,,,basic
39.9089,-121.3256,Invasives - Pesticide Application,2024,completed,,,,basic
39.8951,-121.2041,Invasives - Pesticide Application,2024,completed,,,,basic
39.8959,-121.2034,Invasives - Pesticide Application,2024,completed,1.0,DEFAULT FOR NOT REQUIRED,02,full
39.8955,-121.2757,Invasives - Pesticide Application,2024,completed,1.3,DEFAULT FOR NOT REQUIRED,02,full
40.011,-121.0614,Right of Way Maintenance,2024,completed,3.8,(PALS)PG&E HERBICIDE VEGETATION MANAGEMENT PROGRAM,02,full
39.9988,-121.0256,Right of Way Maintenance,2024,completed,,,,basic
40.0105,-121.0595,Right of Way Maintenance,2024,completed,4.8,(PALS)PG&E HERBICIDE VEGETATION MANAGEMENT PROGRAM,02,full
40.0017,-121.0361,Right of Way Maintenance,2024,completed,,,,basic
40.0016,-121.0358,Right of Way Maintenance,2024,completed,,,,basic
39.9993,-121.0268,Right of Way Maintenance,2024,completed,,,,basic
40.2359,-120.7819,Tree Release and Weed,2024,completed,102.5,(PALS)DECISION NOTICE FOR THE MOONLIGHT FIRE AREA RESTORATION PROJECT,02,full
40.2362,-120.7911,Tree Release and Weed,2024,completed,12.2,(PALS)DECISION NOTICE FOR THE MOONLIGHT FIRE AREA RESTORATION PROJECT,02,full
40.2461,-120.7733,Tree Release and Weed,2024,completed,,,,basic
40.2255,-120.8219,Tree Release and Weed,2024,completed,,,,basic
40.1742,-120.6796,Tree Release and Weed,2024,completed,,,,basic
40.2036,-120.7113,Tree Release and Weed,2024,completed,,,,basic
40.1915,-120.8225,Tree Release and Weed,2024,completed,,,,basic
40.2292,-120.7819,Tree Release and Weed,2024,completed,,,,basic
40.2074,-120.7045,Tree Release and Weed,2024,completed,,,,basic
40.1986,-120.6422,Tree Release and Weed,2024,planned,86.5,(PALS)DECISION NOTICE FOR THE MOONLIGHT FIRE AREA RESTORATION PROJECT,02,full
39.8948,-121.279,Invasives - Pesticide Application,2025,completed,0.6,DEFAULT FOR NOT REQUIRED,02,full
39.8479,-121.394,Invasives - Pesticide Application,2025,completed,,,,basic
40.0057,-121.2566,Invasives - Pesticide Application,2025,completed,,,,basic
39.8959,-121.2034,Invasives - Pesticide Application,2025,completed,0.4,DEFAULT FOR NOT REQUIRED,02,full
40.1492,-120.7861,Invasives - Pesticide Application,2025,completed,,,,basic
39.8943,-121.3019,Invasives - Pesticide Application,2025,completed,0.6,DEFAULT FOR NOT REQUIRED,02,full
39.8956,-121.3013,Invasives - Pesticide Application,2025,completed,,,,basic
39.9024,-121.2497,Invasives - Pesticide Application,2025,completed,,,,basic
39.9022,-121.2496,Invasives - Pesticide Application,2025,completed,,,,basic
39.8976,-121.2815,Invasives - Pesticide Application,2025,completed,1.8,DEFAULT FOR NOT REQUIRED,02,full
40.0492,-121.2103,Invasives - Pesticide Application,2025,completed,2.0,DEFAULT FOR NOT REQUIRED,02,full
39.9367,-121.3206,Invasives - Pesticide Application,2025,completed,,,,basic
40.0716,-121.1676,Invasives - Pesticide Application,2025,completed,1.5,DEFAULT FOR NOT REQUIRED,02,full
39.8934,-121.3006,Invasives - Pesticide Application,2025,completed,,,,basic
39.9758,-120.8644,Invasives - Pesticide Application,2025,completed,6.0,(PALS)STORRIE AND RICH FIRE AREAS INVASIVE PLANT TREATMENT PROJECT,02,full
39.9797,-120.9933,Right of Way Maintenance,2025,completed,4.9,(PALS)PG&E HERBICIDE VEGETATION MANAGEMENT PROGRAM,02,full
39.9712,-120.9821,Right of Way Maintenance,2025,completed,2.7,(PALS)PG&E HERBICIDE VEGETATION MANAGEMENT PROGRAM,02,full
40.0087,-121.0537,Right of Way Maintenance,2025,completed,,,,basic
39.9836,-121.0015,Right of Way Maintenance,2025,completed,,,,basic
39.9687,-120.9785,Right of Way Maintenance,2025,completed,,,,basic
40.0086,-121.0535,Right of Way Maintenance,2025,completed,,,,basic
39.5395,-121.3159,Right of Way Maintenance,2025,completed,2.8,DEFAULT FOR NOT REQUIRED,02,full
39.5397,-121.3157,Right of Way Maintenance,2025,completed,,,,basic
39.9905,-121.0116,Right of Way Maintenance,2025,completed,,,,basic
39.5371,-121.3203,Right of Way Maintenance,2025,completed,0.1,DEFAULT FOR NOT REQUIRED,02,full
39.5341,-121.3257,Right of Way Maintenance,2025,completed,0.2,DEFAULT FOR NOT REQUIRED,02,full
39.9858,-121.0058,Right of Way Maintenance,2025,completed,3.7,(PALS)PG&E HERBICIDE VEGETATION MANAGEMENT PROGRAM,02,full
39.9922,-121.0136,Right of Way Maintenance,2025,completed,,,,basic
39.9652,-120.9722,Right of Way Maintenance,2025,completed,,,,basic
39.9724,-120.9838,Right of Way Maintenance,2025,completed,,,,basic
39.9813,-120.9964,Right of Way Maintenance,2025,completed,7.9,(PALS)PG&E HERBICIDE VEGETATION MANAGEMENT PROGRAM,02,full
39.5396,-121.3158,Right of Way Maintenance,2025,completed,,,,basic
39.531,-121.3314,Right of Way Maintenance,2025,completed,0.2,DEFAULT FOR NOT REQUIRED,02,full
39.9672,-120.9759,Right of Way Maintenance,2025,completed,,,,basic
40.0085,-121.053,Right of Way Maintenance,2025,completed,,,,basic
39.5318,-121.3298,Right of Way Maintenance,2025,completed,,,,basic
39.5321,-121.3294,Right of Way Maintenance,2025,completed,,,,basic
39.9747,-120.987,Right of Way Maintenance,2025,completed,4.7,(PALS)PG&E HERBICIDE VEGETATION MANAGEMENT PROGRAM,02,full
39.9751,-120.9875,Right of Way Maintenance,2025,completed,,,,basic
39.5395,-121.316,Right of Way Maintenance,2025,completed,,,,basic
40.0098,-121.0566,Right of Way Maintenance,2025,completed,,,,basic
39.9687,-120.9786,Right of Way Maintenance,2025,completed,1.7,(PALS)PG&E HERBICIDE VEGETATION MANAGEMENT PROGRAM,02,full
39.7655,-121.3094,Site Preparation for Planting - Chemical,2025,planned,13.3,(PALS)ROGERS COW CAMP SALVAGE PROJECT,03,full
